CustomerID,CreditScore,Geography,Gender,Age,Tenure,Balance,NumOfProducts,HasCrCard,IsActiveMember,EstimatedSalary,Exited
1,502,France,Male,38,4,132894.3491937483,4,1,0,187730.7166452215,1
2,835,France,Female,90,2,127640.44885233452,2,0,1,196162.67172237823,0
3,748,Spain,Female,45,4,205149.68941914666,4,0,1,175025.03784930916,1
4,670,France,Female,79,2,101142.16410100435,1,0,1,43052.56866228285,0
5,506,Spain,Female,24,8,121086.10657287716,4,1,0,18777.33180830948,1
6,471,France,Male,33,8,3341.920814848909,3,0,0,120123.37820840806,1
7,588,France,Male,21,5,102434.80911073477,2,0,0,183394.95510779097,0
8,420,Spain,Male,21,0,161943.55823758553,2,0,0,43696.75871535114,0
9,502,Spain,Female,57,6,3877.0826566480455,4,1,1,11338.153778586953,1
10,521,France,Male,34,6,70220.49129656094,1,0,1,163044.24874612642,0
11,614,Spain,Male,69,9,51989.08982234749,3,1,1,24591.18001447946,1
12,730,France,Female,69,9,10496.357227397057,2,1,1,88604.14606290578,0
13,487,Spain,Female,53,3,119815.02247863438,2,0,0,138988.59406586917,1
14,772,Germany,Male,55,7,45430.82330703913,1,1,1,54991.541236674224,0
15,499,Germany,Male,67,5,185770.38490784503,1,0,1,25952.887054878072,0
16,759,Germany,Male,80,3,211981.9709408371,3,1,0,156304.03340660746,1
17,551,Germany,Male,80,3,136396.29566728696,4,1,0,129733.26612853787,1
18,530,Germany,Male,79,1,245426.83563028538,1,0,1,197813.1920524929,1
19,549,France,Male,24,1,112619.64286764883,4,0,0,75418.52633079226,1
20,708,Germany,Female,44,3,128342.05255622888,3,0,1,21734.853395137943,1
21,657,Germany,Female,31,4,247304.43848943754,4,1,0,149526.50671370619,1
22,743,Germany,Female,88,7,57887.108991262205,2,1,0,109129.34958211667,1
23,813,Germany,Male,22,5,235636.48491922632,4,0,1,50508.746963935664,1
24,693,Spain,Female,72,3,10709.388779778312,3,0,0,158528.5079109043,1
25,785,France,Male,19,10,111596.7225657987,3,1,1,48713.54231148931,0
26,591,Germany,Male,79,6,17500.878033266443,3,1,0,59525.71441825795,1
27,843,Germany,Female,38,7,182308.68572841075,4,1,0,27580.425329676636,1
28,676,Germany,Male,38,1,152102.23397000445,2,0,0,85892.13301586235,0
29,560,France,Male,27,6,176658.5658668991,1,1,0,89596.5525481096,0
30,713,Spain,Female,75,1,93620.09999200424,2,0,0,107766.74016617669,1
31,421,France,Female,56,1,92370.48350784507,4,1,1,144703.21075351772,1
32,652,Spain,Female,22,7,11329.819740223651,4,1,0,182159.1764492809,1
33,635,Germany,Male,82,1,87486.23488240995,1,0,1,36169.47878868364,0
34,744,Germany,Female,30,10,232322.10056551485,4,0,0,20326.13868624484,1
35,448,France,Female,70,8,94806.63429511224,3,0,1,13520.934382923324,1
36,458,France,Male,62,0,207841.9265554925,3,1,0,37288.06183307509,1
37,569,Spain,Female,49,8,210581.37618748352,3,1,1,135010.4022985089,1
38,587,Spain,Female,53,0,93310.28909480845,3,1,1,148220.64481933435,1
39,670,France,Female,77,9,157997.17009904727,3,0,0,159436.08557034322,1
40,589,Spain,Male,28,9,23842.900568264657,4,1,0,56304.56026182511,1
41,845,France,Male,80,1,25919.645183569122,1,0,0,68120.01451968879,1
42,574,Spain,Male,38,5,12164.415915428328,1,0,1,101795.5826574449,0
43,845,France,Male,69,5,145253.77334377737,3,0,1,22004.78840344303,1
44,450,France,Female,72,0,106517.74440652426,4,1,0,126116.88941013676,1
45,763,France,Male,43,6,137008.08916606003,2,1,0,196909.65639839397,0
46,454,Spain,Male,85,7,130268.29762709697,2,0,1,78553.19916182049,0
47,643,Spain,Female,51,1,87550.74777268257,4,1,1,153041.02026736294,1
48,719,Spain,Female,69,7,169368.3537058682,3,0,0,105006.44395822551,1
49,530,France,Female,69,8,189625.47022909767,1,0,1,34284.25042847272,0
50,706,Spain,Male,46,5,3657.0647194189287,4,1,0,120625.1152724914,1
51,534,Spain,Male,55,4,51810.57494221958,2,0,0,66976.11100437233,0
52,420,France,Male,59,8,178308.9670208342,2,0,0,16536.609606157064,1
53,728,Germany,Female,38,10,96655.04315845855,2,1,1,130636.64872237132,0
54,566,France,Female,59,8,165620.98673540205,3,0,1,173197.14637169824,1
55,673,Spain,Male,30,0,86740.66493363961,2,0,1,75506.25571097608,0
56,787,France,Female,81,10,97688.78808240927,4,0,1,84156.1539704264,1
57,488,Germany,Female,34,2,39669.71842242123,4,0,0,179294.1197637702,1
58,715,France,Female,26,8,64557.754916540005,2,0,1,164585.67453979762,0
59,413,Spain,Male,58,10,151352.9393768968,4,0,0,145841.03647483766,1
60,641,Germany,Female,18,1,108290.7778287916,2,0,0,57271.442113098106,0
61,664,Spain,Female,19,3,193575.67073614878,2,1,0,182941.16444366245,0
62,745,Germany,Male,77,3,213146.2387345857,1,1,1,39338.99393245047,0
63,452,Germany,Male,65,1,135411.60455418995,3,0,0,129086.39868927214,1
64,785,France,Female,46,2,189566.82301401478,3,0,0,15472.224303838553,1
65,739,France,Female,27,2,76726.1282986425,1,1,1,132306.7632017397,0
66,491,Spain,Male,75,0,103742.80385001955,1,1,0,62657.42685593837,1
67,766,France,Male,77,5,178194.41905420774,3,1,1,95438.62566490681,1
68,843,France,Female,38,7,96552.99820425767,2,1,1,75600.26489084009,0
69,827,Germany,Female,45,2,147126.2337897472,2,1,1,42823.78368677988,0
70,663,France,Female,51,4,46343.19477062787,3,0,0,128176.35011783607,1
71,830,Germany,Female,25,0,149942.8287426245,2,1,1,177575.35547671543,0
72,434,Germany,Male,76,9,215378.4268067234,1,1,1,192226.00603365665,1
73,605,Germany,Female,89,6,217159.90995585642,2,1,1,46545.80899924386,0
74,480,Spain,Female,66,9,181086.10158238493,2,0,1,146300.82707196494,0
75,819,Spain,Male,34,0,186438.3447690315,4,0,0,136224.47965507963,1
76,449,Spain,Female,77,10,139481.8612876752,4,0,1,75241.78001916879,1
77,759,Germany,Male,62,8,146167.0225414562,4,0,0,13628.847877207909,1
78,787,Spain,Female,86,7,33412.6453526295,2,0,1,141060.33698944456,0
79,401,Spain,Female,49,6,110964.79710532528,3,0,0,189644.02350630503,1
80,789,France,Male,61,9,112694.07097159095,1,1,1,130102.82316397376,0
81,453,Spain,Male,82,6,239624.45891693505,2,0,0,92705.61759565047,0
82,505,Spain,Female,25,4,107771.71565582237,3,0,1,109779.23988120939,0
83,659,Germany,Female,89,4,137335.6612256894,2,1,0,47929.47345538433,1
84,709,Germany,Female,60,10,133312.8498197756,1,0,0,152603.39111321015,1
85,590,Germany,Male,18,4,159190.4292610818,2,1,0,151819.76770187131,0
86,801,Germany,Female,68,0,187058.20783297397,1,1,1,37648.28707361074,0
87,617,Germany,Male,41,7,56260.46904271803,2,0,0,176815.89267493522,0
88,443,Germany,Male,41,10,132181.10477460892,1,1,0,61146.050499928,0
89,561,Spain,Female,34,0,206479.4268290076,2,1,0,196628.65157795683,0
90,601,Germany,Male,22,3,115778.67845937787,1,1,0,82751.5726670767,1
91,845,Germany,Female,37,8,69614.38659339325,4,1,1,43797.97115955493,1
92,669,France,Female,38,8,163677.26883907476,2,0,0,76826.82115567394,0
93,750,Spain,Female,75,4,205941.84894978075,2,1,0,93634.2624524667,1
94,703,Spain,Female,48,3,15785.07323184783,3,0,0,23168.476877276018,1
95,670,Spain,Female,28,2,194197.62085180677,3,1,1,119861.492432425,0
96,614,Germany,Male,69,2,205411.9832404428,1,1,0,123550.16357509106,1
97,651,Germany,Male,32,4,115380.7318971517,2,1,0,150396.78651639973,1
98,589,Germany,Female,24,9,245826.41420461686,1,0,0,15542.279535241225,0
99,695,France,Female,45,0,196677.08517682727,4,0,0,112835.26074242772,1
100,612,Germany,Male,68,4,193415.64122391643,3,0,1,20052.412321426233,1
101,607,France,Male,75,5,186959.64360301796,1,1,0,143217.40179366415,1
102,636,Spain,Male,22,6,37652.025804568504,1,1,0,20588.31728318705,0
103,737,Germany,Male,22,8,54307.7216132527,3,1,1,183228.2911849102,0
104,766,France,Female,25,2,115997.53286610625,2,1,1,143395.68770805435,0
105,452,France,Female,81,1,66001.08748986646,1,0,1,106404.05536617985,0
106,679,Germany,Male,27,2,103810.24308351011,3,1,0,93885.74542342324,1
107,809,Spain,Female,55,8,222116.02748073018,2,0,1,34827.79977851985,0
108,616,Spain,Male,25,6,206081.72296981732,4,1,0,65289.884017285985,1
109,651,Spain,Female,42,8,157509.96961999557,3,0,1,175102.2299539703,1
110,587,France,Male,90,1,214530.09856277588,1,0,0,181846.03419687384,1
111,779,France,Female,83,4,195943.0972543123,4,1,1,10142.064590400902,1
112,440,France,Male,67,3,107246.23296022262,2,1,0,122885.91438073474,1
113,556,France,Male,84,1,50266.28801248628,2,0,1,146667.1157147716,0
114,414,Spain,Female,66,8,128550.26000233479,3,1,0,127561.92666694519,1
115,700,Germany,Male,53,8,184057.22063213753,3,1,0,25519.155324607258,1
116,464,France,Female,85,5,109104.89968239826,3,0,0,51367.73077179142,1
117,744,France,Female,58,10,166692.9774459743,2,0,0,57564.650802463344,1
118,726,Spain,Male,79,5,23581.856572760906,4,0,0,168027.67994796703,1
119,408,Germany,Female,27,7,187001.18409285086,2,0,0,98007.89289869489,0
120,743,Germany,Female,38,5,203178.4049732655,1,1,0,102497.360268835,0
121,528,Spain,Female,53,0,176709.4639451353,2,0,0,187629.67884535663,1
122,535,Spain,Female,29,3,241815.89688159138,1,0,1,131046.31888239595,0
123,462,Germany,Female,19,6,206663.0143651601,4,0,0,180746.86329500613,1
124,538,France,Male,30,1,225773.43196913457,3,1,0,96736.68251489126,1
125,480,Germany,Female,70,8,233392.770864412,3,0,1,38392.889118475905,1
126,791,Spain,Female,49,7,200336.99796845214,2,1,0,186687.7628740763,1
127,562,France,Female,33,7,168564.71050162477,3,0,1,97153.97197683227,0
128,818,France,Female,49,6,1429.645340197322,4,0,0,44509.97015697615,1
129,688,Spain,Female,49,3,116456.43830578118,3,1,1,67455.19065774523,1
130,778,Spain,Male,28,1,142790.57465559026,2,0,1,19652.49204089903,0
131,660,Spain,Female,27,2,76007.5681119999,4,0,0,98977.11237671318,1
132,630,Germany,Male,32,5,79526.11172586802,1,1,1,172094.35266294496,0
133,440,Germany,Male,34,4,240289.8539275413,2,0,0,187380.28664127097,0
134,427,France,Male,57,7,222927.71630068647,1,0,0,187194.41942569232,0
135,534,Spain,Male,35,5,212294.75137542604,4,0,0,33793.704869461886,1
136,600,France,Female,72,5,101502.95042652765,2,0,0,82590.23767710083,1
137,727,France,Male,90,0,3424.6376022286363,2,1,1,15363.46433363421,0
138,667,France,Male,42,3,20055.56161392852,4,0,0,172481.41554457982,1
139,817,France,Female,76,4,78049.09205440091,3,1,1,78163.59478404203,1
140,432,Spain,Female,39,10,3935.7282489192457,2,0,1,129912.2352995246,0
141,447,France,Female,47,2,4287.445478799528,2,1,0,145830.70323468483,1
142,806,Spain,Male,61,8,229150.82541060276,1,0,0,91670.48725119952,1
143,461,Spain,Female,49,0,176539.62552976352,3,1,0,68224.04394454617,1
144,615,Germany,Female,68,5,77238.99751703817,1,0,0,192820.45292202948,1
145,692,Spain,Male,63,5,33161.14440023829,1,1,1,193252.7627545323,0
146,498,Germany,Female,38,9,127908.92947376928,3,1,0,64992.90992570417,1
147,571,Spain,Female,49,4,1336.5402135911143,3,0,1,101128.76838144704,1
148,759,Spain,Female,56,4,234603.435964536,4,1,0,194840.39014540426,1
149,613,Spain,Female,29,9,103703.7798472368,3,0,0,10924.997454545613,1
150,434,Germany,Male,64,4,100583.73880933318,2,0,0,88408.86719203835,1
151,848,Germany,Female,35,5,97648.40189544555,3,0,0,29086.934439384,1
152,626,France,Female,38,7,17332.08259694119,4,0,1,106740.01345689449,0
153,500,Germany,Male,30,1,159580.55994795664,4,0,1,14687.291362692558,1
154,830,Germany,Female,38,5,183250.90490708835,4,1,0,87310.70196421929,1
155,530,Germany,Male,25,0,169031.34939707257,3,0,1,51932.82420921367,1
156,656,Germany,Female,63,3,34608.87333234858,3,0,1,111328.58886716075,1
157,404,France,Male,24,9,144710.04200889813,1,0,0,199238.79332913292,0
158,617,Germany,Male,40,2,142371.12104306347,1,0,0,162101.85997408206,0
159,654,Spain,Male,39,8,217102.6969853455,2,0,1,170671.99740864008,0
160,797,Spain,Male,39,2,94781.91459391174,1,0,1,130700.34759822537,0
161,758,Germany,Female,46,5,92871.48591485855,2,1,1,17896.371171729126,0
162,682,Germany,Male,30,0,154631.7646795464,4,1,1,49291.55844838738,1
163,792,Spain,Female,19,5,158268.16337487826,1,0,0,185762.26572494046,0
164,606,Spain,Male,46,3,117321.3068314476,3,1,0,79561.49240646273,1
165,414,France,Male,69,7,110764.84058260528,1,0,1,29690.978031351162,0
166,745,Spain,Male,44,10,123536.91765947067,2,0,0,143457.01951457837,0
167,441,Spain,Female,67,8,215261.32487582797,1,0,1,66896.96754750838,0
168,779,Germany,Male,40,3,115291.72531347751,4,0,1,61082.81345179262,0
169,578,Spain,Female,61,9,234982.94799245562,3,0,0,199615.71655606947,1
170,462,France,Female,39,9,126000.94089908151,2,1,1,173046.39575506432,0
171,751,Spain,Female,60,5,237300.17329522286,3,1,1,87508.1854898898,1
172,630,Germany,Female,54,0,208207.97546726893,3,1,0,196249.62948513482,1
173,640,Germany,Female,78,3,90607.83065395728,2,1,0,133521.5124496506,1
174,451,Spain,Female,73,6,215910.35532415402,3,0,1,150984.26585715445,1
175,495,Germany,Female,20,0,27515.821050278806,3,1,1,15987.478185620203,0
176,787,France,Female,80,7,231261.79383575363,1,0,0,33104.99927613085,0
177,621,France,Female,36,9,157910.87877072292,3,1,1,130286.17403428529,1
178,806,Spain,Male,40,10,13597.687130577795,3,1,1,180814.55670340193,0
179,630,Spain,Male,46,5,161064.1809127029,3,1,0,128511.30795664317,1
180,636,Spain,Male,47,4,243561.91353618904,3,1,0,35464.72992060844,1
181,542,Germany,Male,56,9,17450.16365365723,2,0,0,31994.40878680168,1
182,570,France,Male,42,10,138671.92744502157,4,1,0,170395.3202065755,1
183,428,France,Female,25,8,186948.5874398431,1,1,0,36467.44435450372,0
184,435,Germany,Female,75,1,202564.64667488282,3,0,0,108844.07249576483,1
185,412,France,Female,33,4,103456.86633019896,3,0,1,17051.53079283743,1
186,559,Spain,Female,89,5,51041.63979206075,2,1,1,25327.2558043237,0
187,726,Spain,Female,18,6,10585.569693095958,4,0,0,137746.1708521443,1
188,586,Spain,Female,22,4,144931.53927430618,3,0,0,140944.46798122817,1
189,642,France,Female,20,8,113227.7675669027,2,0,1,74879.18725560405,0
190,485,Spain,Male,82,0,237186.09878742773,1,1,1,50965.85539617851,0
191,683,Germany,Male,21,6,15151.226928727447,1,0,1,164604.9514438885,0
192,465,Germany,Male,81,9,171348.83586150143,3,1,0,51249.61359927917,1
193,569,France,Male,27,6,6241.555530014292,3,1,0,112985.14323661214,1
194,444,Germany,Female,38,3,42858.54417763568,4,1,1,193959.67976395204,1
195,461,Germany,Female,63,8,113394.74998070853,4,1,0,38091.96319385292,1
196,840,France,Female,44,10,113718.11070071705,3,0,0,188766.49082399468,1
197,533,Spain,Male,83,4,171425.13573341098,2,1,0,44749.680083047046,1
198,683,Spain,Female,58,3,227553.25871693916,4,0,1,117814.20952441361,1
199,427,Spain,Female,30,6,159758.03972873022,3,1,1,81631.46527216147,1
200,507,France,Female,26,3,238383.7744628772,4,0,0,193336.4342853469,1
201,443,Germany,Male,53,2,220403.9099694994,3,1,0,61972.98551036802,1
202,739,Spain,Female,75,8,146124.94888269756,1,0,0,85935.02039629318,1
203,685,Spain,Male,71,10,208447.98772970683,3,1,0,196743.4223925299,1
204,845,France,Male,29,7,160644.4025809085,1,1,0,111929.3743258099,0
205,730,Spain,Male,31,0,19639.457730931787,4,0,1,105499.72196803817,0
206,527,France,Male,51,6,185141.1808148775,3,1,0,58977.91275875835,1
207,747,Germany,Female,70,8,23727.11031683655,4,1,0,143259.07645898388,1
208,630,France,Male,37,7,148520.6951424281,1,1,0,12730.860837777753,0
209,589,France,Male,33,7,175660.0514645572,3,0,1,19407.39964343577,0
210,624,France,Female,87,5,16631.90205271381,4,1,1,123878.13155580251,1
211,784,France,Female,73,10,57698.66348163294,1,1,0,74918.16902550629,1
212,776,Germany,Male,75,3,228918.05806541245,4,0,1,191130.1107181825,1
213,682,Germany,Female,21,7,154078.6230582241,2,0,1,181606.23123732928,0
214,845,Spain,Male,21,2,61571.5047026329,1,0,1,145604.18914857437,0
215,520,Germany,Male,37,8,172669.94278700164,1,0,1,165447.66041428226,0
216,515,Germany,Male,27,1,149194.1049904224,1,0,1,136793.05143686174,0
217,632,Spain,Male,41,1,125393.9249794871,3,1,1,33860.59951493053,0
218,658,Germany,Female,43,6,244046.74374702093,3,1,0,155453.2402409485,1
219,758,France,Male,54,9,170863.44435187723,3,1,1,49936.47405658081,1
220,597,France,Female,71,3,93860.27741697816,2,0,1,71454.14246903738,0
221,810,Spain,Female,38,9,200018.358019217,2,1,0,165654.50029945985,0
222,536,Spain,Female,91,7,221145.82323029693,1,0,0,111939.86559475516,1
223,717,Spain,Female,55,8,31305.139879207854,2,0,0,173388.73569484774,1
224,564,France,Male,63,6,50138.24446131662,4,1,0,50476.7107702202,1
225,624,Germany,Female,21,4,54056.75228194492,1,0,1,125477.90333530857,0
226,706,France,Male,77,7,172802.95234663508,1,0,1,25920.284784169708,1
227,633,Spain,Female,74,3,150759.88876332084,4,1,1,132181.58877260564,1
228,571,Germany,Female,62,1,154747.89117464705,1,0,1,154881.4671773516,0
229,551,Germany,Male,37,10,235193.32492237524,2,0,0,121136.86985595712,0
230,714,France,Male,34,5,193977.88320182648,3,1,1,60583.985284773946,0
231,773,Spain,Male,88,8,31984.231127945794,4,0,1,15955.107083184677,1
232,559,France,Female,21,0,86876.77060629525,2,0,0,32695.287953214294,0
233,495,Germany,Female,31,10,108848.41154393391,4,1,1,128237.56602406497,1
234,632,France,Male,20,9,98990.39718690123,4,1,1,187539.84120007762,0
235,579,France,Male,75,6,167327.1522904698,1,1,1,49241.53675468121,0
236,512,Spain,Male,72,9,222973.27581414065,1,1,1,149654.96832996877,0
237,717,Spain,Male,21,8,76512.865880697,2,0,0,174625.7020173179,0
238,841,Germany,Female,41,9,137969.28410529642,4,0,0,108967.6139050271,1
239,451,France,Male,51,8,197352.3554783964,1,1,0,137160.50121029495,1
240,667,France,Male,47,9,104054.51471133734,1,0,0,164852.91016846814,1
241,694,France,Male,36,10,42029.53209982396,4,0,0,59528.27997071278,1
242,785,Germany,Male,48,2,118737.74131593706,2,1,1,66410.17811092816,0
243,786,Germany,Female,77,10,13805.630185757118,2,1,1,10119.228159406672,0
244,512,Spain,Male,77,4,235595.86350056922,4,0,0,192987.88487058246,1
245,500,Spain,Female,36,7,18705.30129874326,2,1,0,184333.5299733055,0
246,512,Spain,Male,66,7,109614.17881264455,1,1,0,155267.97011429176,1
247,839,France,Male,80,3,132470.31527213156,4,1,1,25024.443985563143,1
248,480,France,Female,39,10,246325.95807182137,1,0,0,95025.54904290654,0
249,586,Spain,Male,41,10,41505.455910715194,3,1,1,29359.433254595035,0
250,512,France,Female,47,0,28607.87965308964,3,0,1,13024.850779931734,1
251,401,Spain,Female,75,0,2176.536765635895,2,0,1,127074.76339039349,0
252,529,Germany,Male,48,3,38892.859217325575,3,0,1,192557.5892452358,1
253,619,Spain,Female,81,5,51818.244766916905,1,1,0,181544.92445210853,1
254,453,Germany,Female,36,7,157645.23539577308,3,1,1,142383.41483772683,1
255,742,France,Female,65,5,54926.6975978501,1,1,1,28361.71099132557,0
256,623,Spain,Female,62,8,5130.203682331303,2,1,0,62091.16715773702,1
257,624,France,Female,72,8,206654.58637562217,2,1,1,70810.77810820528,0
258,784,Germany,Female,72,1,91398.9252509917,1,0,1,154998.51097165662,1
259,802,Germany,Female,35,9,88424.17164518348,3,0,1,162427.34405467167,1
260,525,Germany,Female,80,0,75619.75729198164,2,0,0,83170.16336808488,1
261,529,France,Male,64,1,243843.31928660523,4,1,1,89397.95935734584,1
262,452,France,Male,74,4,42528.85432732037,2,0,1,18456.717462472552,0
263,571,France,Female,62,3,224559.5159883088,3,0,0,64935.97649956459,1
264,617,France,Male,50,3,194200.833034972,4,1,0,95744.1836637516,1
265,559,Germany,Female,34,8,19119.98887482827,3,1,1,32226.77881319894,1
266,597,Germany,Female,87,10,246682.27537521216,1,0,1,96120.81754345405,0
267,815,Spain,Male,21,7,67841.49088475264,4,0,0,172103.40432898208,1
268,646,Spain,Female,37,5,24645.731755603083,3,1,1,120450.99374776013,0
269,723,France,Female,64,0,207328.55853143986,4,1,0,24996.67245729834,1
270,838,Germany,Female,32,1,176668.88341942496,3,1,1,46417.550577752125,1
271,602,Germany,Female,87,5,154304.7014694752,4,1,0,100163.42653012568,1
272,583,Germany,Male,64,10,38995.21592473329,3,0,1,78682.5584661443,1
273,522,Spain,Female,26,1,119624.02906399047,1,0,0,78158.13371375877,0
274,800,Spain,Female,33,9,195139.00672180345,4,1,0,110560.81514728213,1
275,654,Germany,Female,86,4,75905.98453596006,4,0,0,121035.22510199691,1
276,693,Germany,Male,78,4,77922.45712876036,4,0,0,161403.69835247632,1
277,679,Germany,Female,27,5,785.2265120305291,4,1,0,74783.64705787209,1
278,724,Spain,Male,67,5,43560.85041134489,1,0,1,163038.59377771147,0
279,771,Germany,Male,20,5,218851.40628045858,4,0,1,74336.13353140018,1
280,497,Germany,Female,87,1,110436.62290942676,2,0,0,20532.267898834427,1
281,597,France,Female,68,9,246058.6248086085,1,1,1,115295.65369091032,0
282,794,France,Male,36,2,98926.99089344814,2,1,1,121701.44173001476,0
283,639,Spain,Female,59,5,178796.6136950603,4,0,1,187562.6466681534,1
284,543,Germany,Male,52,7,70479.76072618228,3,1,1,147951.65195187015,1
285,496,Germany,Male,63,10,90952.41028523337,2,1,1,184376.80397394352,0
286,600,France,Female,43,0,47681.496897723664,4,1,1,182585.96994617183,0
287,523,Spain,Female,86,0,86765.59212484874,2,0,0,124869.080949066,1
288,586,France,Male,81,10,136809.3801051608,4,0,1,110274.79241392504,1
289,725,France,Male,54,1,247943.22024481234,4,1,1,115913.78376108398,1
290,748,France,Male,66,10,166050.4282679464,4,0,1,195882.85345867707,1
291,658,France,Male,38,5,49811.48860207851,3,0,0,156901.86143192218,1
292,547,Germany,Female,91,8,11240.360397887784,2,0,1,30190.52191055521,1
293,651,Germany,Female,81,3,31589.12032862765,1,0,1,157901.397288466,0
294,842,France,Female,22,2,140638.80031826184,1,0,1,42402.229290662915,0
295,819,Spain,Female,87,7,191290.08220419157,1,1,0,94996.60431106888,0
296,802,Spain,Female,21,10,235104.80182518673,1,0,1,49987.337713541514,0
297,745,Spain,Male,56,9,3955.7929992052045,4,0,0,141020.78245131366,1
298,546,Spain,Female,52,8,130690.03539046744,2,0,1,176688.84987667677,0
299,547,France,Female,18,10,117716.83905579419,2,1,0,65168.758219669384,0
300,751,Germany,Female,41,4,164013.755493926,3,1,0,25582.040829555648,1
301,598,Spain,Female,74,8,139894.71361633547,2,1,0,66713.68863424302,1
302,707,France,Female,87,1,171759.78764562015,2,0,1,137748.75300711693,0
303,816,Spain,Male,58,2,164520.6461872976,2,1,0,72464.42423534549,0
304,823,Spain,Male,71,6,29252.93121448655,3,1,0,62841.31183522265,1
305,527,France,Male,63,6,199929.4784046799,1,1,0,45042.68621101034,0
306,438,Germany,Female,77,5,30808.143929081212,2,1,0,104528.12110614237,1
307,737,Germany,Male,77,5,174632.65630228427,3,0,1,62430.27734986564,1
308,759,France,Male,74,1,104036.34191015168,3,1,1,148891.9663365018,1
309,528,Germany,Female,48,9,128462.68364414948,4,1,1,24558.256378518516,1
310,666,France,Female,41,5,225824.50359392763,3,0,1,136166.27629115034,0
311,840,France,Female,53,3,222470.93161837163,1,0,0,55136.40276787627,1
312,833,France,Male,47,2,204464.07641375737,2,1,1,102963.05959980459,0
313,550,Germany,Male,41,10,127537.09511408082,3,0,0,64357.08518593951,1
314,814,France,Female,47,1,184059.95253345827,1,1,1,147326.04844205116,0
315,697,Spain,Female,24,0,128224.26387970234,3,0,1,189608.337647811,0
316,498,Germany,Male,52,10,217401.52061869437,3,0,1,184244.5880992645,1
317,662,Germany,Male,72,10,100693.95830822497,3,1,0,120850.98087737731,1
318,651,Germany,Female,31,4,242558.8361037192,3,0,1,97895.9576188259,0
319,543,Germany,Female,27,1,233080.6895572194,3,1,1,165477.09679348255,0
320,745,Spain,Male,33,1,185400.65486294637,1,0,1,139832.0088992687,0
321,511,Germany,Female,71,6,69853.97104401799,2,1,0,44877.18170121725,1
322,459,Germany,Male,87,7,32913.3971983146,2,0,1,165974.65058647006,0
323,768,France,Male,61,9,213675.86252329938,2,0,1,91488.03398499494,0
324,401,Germany,Male,90,7,41325.57153449032,2,0,0,45907.27539452327,1
325,784,Spain,Male,62,3,213565.19724933393,1,0,0,63541.496575333564,1
326,703,Spain,Female,73,0,122691.2516780901,4,0,1,60830.13574718504,1
327,653,Spain,Female,74,10,101639.19595202606,4,1,1,108649.32517465742,1
328,539,Spain,Male,38,6,225797.69470860728,1,0,1,54530.317228796346,0
329,436,Germany,Male,85,0,150962.74563506947,1,1,0,33477.63260629947,1
330,559,Germany,Male,67,10,144153.50178242943,3,1,0,33501.26161661454,1
331,408,Spain,Male,50,3,139691.48615609942,3,1,0,120822.47745642836,1
332,632,Spain,Male,24,7,92792.37900488285,3,0,1,149604.26488138194,1
333,498,Germany,Female,87,1,196410.7758822818,2,1,0,71091.27167928475,1
334,546,Spain,Female,32,5,63199.61100394325,3,0,1,16583.634864663247,0
335,703,France,Female,49,5,234723.74001031875,4,1,0,34172.72851803204,1
336,607,Spain,Female,37,8,223496.30126174018,2,1,0,183791.96646404086,0
337,530,Spain,Male,32,4,84370.08141872454,3,1,0,103773.29532199608,1
338,803,France,Male,65,9,182365.94245791592,2,1,1,96178.8338268832,0
339,551,France,Male,88,3,143305.79861239786,4,1,1,17229.343878917272,1
340,453,Germany,Male,38,4,84412.32549980865,3,0,1,148441.03424021084,1
341,519,Germany,Male,59,9,247130.41199886167,4,1,1,110332.935377095,1
342,560,France,Female,43,10,6309.33646206605,4,1,0,48395.37785643895,1
343,807,France,Male,31,4,63161.507655321664,4,0,1,30914.014434400866,1
344,515,Germany,Female,74,7,130018.5152777876,3,0,0,82843.69409007972,1
345,474,Spain,Female,54,9,130488.25086964096,1,0,1,169060.77319705486,0
346,512,France,Female,75,7,147233.26873639104,3,1,1,174405.96624819466,1
347,819,Germany,Female,38,1,187919.04300572982,4,1,0,124540.81227517092,1
348,821,Spain,Male,86,6,155869.4576298241,3,1,0,148231.9211737271,1
349,503,France,Female,20,7,150070.36513200926,4,1,1,31879.59960654537,0
350,739,Spain,Female,54,10,13378.615728260824,1,1,1,121743.95243889242,0
351,653,Germany,Female,66,5,94132.57194732458,2,1,0,136723.48366256454,1
352,626,France,Male,36,4,58013.934925289,1,0,0,48135.44015362052,0
353,511,Spain,Male,29,10,66342.52790049386,1,0,0,177229.3992529492,0
354,498,France,Male,78,8,138584.36858508622,2,1,0,47049.380128993755,1
355,552,Spain,Female,58,2,49876.32873240211,3,1,0,69560.69837082559,1
356,748,Germany,Female,50,9,73487.27525422438,2,1,1,127905.80093445713,0
357,801,Germany,Male,67,3,59271.177129335025,3,1,1,131286.51237483884,1
358,783,France,Female,85,8,237125.7358045487,3,1,1,142883.10078759977,1
359,765,Spain,Male,88,5,236166.4330427738,4,0,1,31282.22548295908,1
360,737,France,Male,50,7,152485.3896490129,4,0,0,171398.24168642552,1
361,593,France,Female,41,6,231130.61718297497,2,1,0,111240.95513381937,0
362,709,Spain,Female,78,10,196453.1613670933,1,0,0,99551.14087996299,1
363,562,Spain,Female,78,1,147486.9707004522,2,1,1,196408.5486575668,0
364,607,Spain,Female,45,2,1608.802874198928,3,1,0,150671.87641879375,1
365,844,Germany,Male,75,0,193129.07151985102,4,1,0,32421.145057681224,1
366,568,France,Male,60,8,175622.08539711722,2,0,1,153742.44177298574,0
367,560,France,Male,58,6,153813.4133206035,2,0,1,28097.297454845204,0
368,467,Germany,Male,56,0,190106.0779206179,4,1,1,15219.406877467121,1
369,688,Spain,Male,66,2,128230.54119369143,4,0,0,86688.92010128046,1
370,797,Germany,Female,34,3,176020.81783033477,4,0,0,198779.85283565155,1
371,676,Germany,Male,87,3,233793.02168162333,3,1,1,43227.9478770239,1
372,703,Germany,Male,87,4,93951.25396152156,4,0,1,137802.4252700901,1
373,803,France,Male,82,2,177030.45872515635,1,0,0,42945.252579162676,1
374,783,Germany,Female,91,2,118921.95450273968,2,1,1,147709.52524209334,1
375,791,France,Female,22,0,168599.9129534954,4,1,0,106017.19696518696,1
376,534,France,Female,19,6,190723.33388859103,4,0,1,139194.6249169815,0
377,594,France,Female,39,10,11363.12510894899,3,1,1,48545.90342370457,0
378,800,Spain,Male,74,9,161650.11098716548,3,0,1,151669.38317889537,1
379,527,France,Male,83,0,56685.296101736145,2,1,0,199167.62132831427,0
380,432,France,Female,91,1,167508.1344518917,1,1,0,136473.59511893237,1
381,575,Spain,Female,33,3,117082.54648345336,2,1,1,103761.19963384676,0
382,842,France,Male,68,3,193388.1854662218,4,1,0,185403.0578376603,1
383,770,Germany,Male,56,4,30850.203801399108,1,0,1,13011.850024056497,1
384,774,Germany,Female,57,10,156580.58791404878,1,1,1,148685.468664306,0
385,421,France,Female,55,1,69617.68223188807,1,1,0,178861.83819462446,1
386,637,Spain,Female,77,3,213245.49883264786,1,1,0,21718.170887981916,1
387,557,Germany,Female,76,0,232095.87640907685,2,0,0,95512.19237899406,1
388,437,Spain,Male,27,1,249099.57341976385,3,0,0,48896.696250499794,1
389,629,Spain,Male,81,0,199001.85060682084,3,1,1,117638.45146168771,1
390,764,Germany,Male,80,9,188433.51760700115,4,1,0,133413.1621346955,1
391,450,Spain,Female,66,9,53875.18971688776,3,1,0,67498.40475646345,1
392,837,Germany,Female,81,3,84001.76474752718,3,1,1,97396.51723883917,1
393,663,Spain,Male,49,3,116420.63544056988,3,1,1,63074.502202546304,1
394,682,Germany,Male,24,6,193345.26194556244,3,1,1,80184.32124647162,1
395,426,France,Male,38,9,228741.46626949214,4,0,1,40312.591770800485,0
396,625,Germany,Male,37,10,47284.77500574615,2,1,0,178256.29428126998,0
397,676,Germany,Female,43,10,230591.8711675257,1,1,0,11901.978006235922,0
398,685,Germany,Male,85,8,173906.1630885145,3,1,1,177657.74542431982,1
399,496,Germany,Male,32,8,152692.68267125965,2,1,1,118618.98688645032,0
400,683,Spain,Male,31,4,49960.31782048488,3,1,0,73014.99039363331,1
401,766,France,Male,44,9,13881.258202287638,3,1,0,147380.85383746264,1
402,847,Germany,Male,57,0,142116.22462698497,1,0,0,106472.90885390622,1
403,716,Spain,Male,75,0,162878.9208322231,1,0,0,104830.64504044523,1
404,703,France,Male,45,5,52695.36233867206,1,0,0,30927.033754603624,0
405,546,France,Female,43,1,139114.0514563641,3,0,1,84008.04492962765,0
406,403,France,Female,80,7,214123.3506906434,3,0,1,55802.22571277996,1
407,434,France,Female,83,8,208766.486363755,3,0,1,12982.222063293133,1
408,591,Germany,Female,42,3,231838.7951465743,1,1,1,78418.92984860152,0
409,448,Germany,Male,20,4,91471.45238922011,4,1,0,27066.2045908649,1
410,416,Spain,Female,89,10,79512.39313772967,2,1,1,58797.707167785185,0
411,571,Spain,Female,61,7,187356.50149520216,4,1,0,27578.158024787946,1
412,619,Spain,Male,59,2,107778.10127425125,3,1,0,29178.90885571578,1
413,557,France,Male,23,4,21887.166006945154,3,1,0,47812.14593888577,1
414,445,France,Female,56,2,70700.28266762492,4,0,0,199971.35645241605,1
415,772,Germany,Female,69,9,104645.57138287228,3,1,0,10414.987142877268,1
416,405,France,Male,40,2,73129.106369063,2,0,0,131347.800862877,0
417,498,France,Female,67,2,83051.3927368304,3,0,0,36836.30262504589,1
418,779,France,Male,60,6,73443.97654359769,2,1,1,184919.3459750474,0
419,632,Spain,Male,36,6,10374.791795769861,4,1,0,27790.249733389555,1
420,436,Spain,Male,86,6,159273.67520611064,4,1,1,191462.00555398493,1
421,679,Germany,Male,68,9,149323.10508836733,3,1,1,126076.01362186081,1
422,748,France,Female,28,7,163345.87461967015,2,1,0,10240.934613943147,0
423,701,France,Male,29,4,48077.47400840687,3,1,0,179861.36760419316,1
424,580,Germany,Male,91,4,73913.63540312131,1,1,1,109125.24225971448,0
425,494,France,Female,25,3,154903.98173623058,1,0,1,59907.249712792065,0
426,498,France,Male,41,6,149906.89211498035,1,1,1,155783.04372796972,0
427,587,Spain,Female,58,9,126582.57733856696,1,1,1,186066.4552385053,0
428,515,Germany,Female,53,3,87603.31250254935,3,0,0,101901.25639789084,1
429,590,Germany,Female,89,1,228232.75119367248,1,1,0,69955.16014419106,1
430,652,Germany,Male,72,3,84942.56057471095,2,1,0,159899.5735476361,1
431,815,Germany,Female,26,7,113904.7891093129,4,0,1,139539.2445798064,0
432,560,Spain,Female,64,8,169528.45773855218,4,1,0,178862.97191255176,1
433,655,Spain,Male,32,2,135755.35771669104,1,1,1,141577.66242462667,0
434,722,France,Female,65,6,86721.49409109639,1,1,0,56270.384390911895,0
435,527,France,Female,59,8,108911.19761412746,1,1,1,187015.25745421363,0
436,417,France,Female,77,10,198620.20446337652,3,1,0,29918.79196913835,1
437,680,France,Female,87,3,69532.2888716531,4,1,0,60909.1225203011,1
438,622,Spain,Female,29,9,35563.80994420386,1,0,1,108836.97546753826,0
439,453,Germany,Male,19,2,78290.80045744427,2,1,1,117490.98495347127,0
440,457,Spain,Female,24,4,212383.55387197534,1,1,1,12909.011459112033,0
441,722,France,Female,20,0,22247.428714086665,4,0,1,158308.8179059786,1
442,759,Spain,Male,20,2,247924.01834311296,1,0,1,78705.39050082401,0
443,573,Germany,Male,44,7,135250.72473191563,4,1,0,87219.52279040619,1
444,679,Germany,Male,57,10,246211.4359917735,1,0,1,163780.2134430197,0
445,513,Spain,Female,50,7,234749.10552149438,2,1,0,82063.84442823347,0
446,687,Spain,Male,18,3,113203.4285527292,1,1,0,18972.726534003414,0
447,830,Spain,Female,25,1,49622.768651337276,2,0,0,43523.55638936656,0
448,741,France,Female,49,7,41221.19414128461,2,1,0,191621.60275375465,0
449,550,Spain,Male,65,7,59997.34096748938,1,1,0,23377.01885647769,1
450,849,Spain,Male,21,9,177533.1601411343,2,0,1,77436.92818392308,0
451,526,Spain,Female,87,3,68237.49868287196,3,0,1,105604.04173975547,1
452,554,Germany,Male,36,2,85356.31740107457,1,0,0,103723.35719432641,0
453,785,Germany,Female,49,1,112194.7009986537,1,0,0,10752.389172307123,1
454,672,France,Male,26,8,228308.1701053641,2,1,1,105220.91897692316,0
455,503,France,Male,29,0,47348.354471211525,2,0,1,82916.76701570775,0
456,816,Germany,Male,28,6,1256.6381524507785,1,0,0,194695.07374016586,0
457,792,Germany,Female,63,4,15024.102594542537,3,0,1,40240.225958827665,1
458,698,Germany,Male,33,7,226191.58542002947,2,0,1,77289.29738430405,0
459,645,Spain,Female,18,3,161879.1162108408,2,0,1,89701.48216706575,0
460,575,Spain,Female,80,6,68260.15483195169,4,1,0,84231.77204918028,1
461,438,Germany,Female,38,4,44298.12525279778,3,0,1,136507.85725385387,1
462,569,Spain,Female,47,4,73566.68415927858,3,1,0,50947.442934076076,1
463,646,Spain,Male,30,8,28699.231812820024,1,0,0,52003.59503465844,0
464,425,France,Female,51,8,235383.22757111027,3,0,0,148550.0802151621,1
465,754,Germany,Female,21,8,196051.5435913167,1,0,0,105055.19854885412,0
466,705,Germany,Male,45,5,115597.79422813519,4,0,0,88879.57845088898,1
467,808,Spain,Female,76,5,216240.65127880048,3,0,1,42148.57981867784,1
468,807,Germany,Male,44,4,62364.551073308074,2,0,0,45630.17235331166,0
469,412,France,Female,86,8,179280.1421180484,4,0,0,12004.810995021104,1
470,715,France,Male,42,9,214033.12475343587,1,0,0,27370.991083724755,0
471,790,France,Female,20,7,89192.17790581816,4,1,1,115799.3519911458,0
472,712,Germany,Male,85,6,189366.11136267942,1,0,1,179455.89470159786,0
473,435,Germany,Female,42,6,73768.08731607735,4,1,1,64561.30537480592,1
474,572,Germany,Female,37,5,74714.2838147577,1,0,1,72271.97292026435,0
475,419,Germany,Male,51,4,26764.294638546515,3,1,1,31965.066016187317,1
476,720,Germany,Male,43,3,110014.51162734968,2,0,1,83839.87966534952,0
477,663,France,Male,22,2,182427.97662435556,1,0,1,17072.12386817254,0
478,799,Spain,Male,78,2,235055.20139282124,4,0,0,184344.13228976104,1
479,541,France,Female,26,5,150949.247982274,1,1,0,137891.15614366042,0
480,770,Germany,Female,67,3,215783.88443393476,1,1,1,198242.27378471158,0
481,542,France,Male,23,5,205623.66232255677,1,1,0,177736.4009089138,0
482,491,Germany,Female,77,2,43335.76324382021,4,1,0,99868.21280264901,1
483,753,Germany,Male,61,3,121454.35722815787,2,0,1,108740.1559185716,0
484,721,France,Male,28,8,29230.88388134787,3,0,0,46209.44883826683,1
485,687,Germany,Female,83,4,170538.29039040874,2,0,0,97787.47513951556,1
486,614,Spain,Female,64,6,237474.917061519,1,1,1,181575.2959636342,0
487,846,Germany,Female,90,9,34272.36451968912,4,0,0,19662.150490806016,1
488,741,Spain,Female,20,1,183470.78270063532,2,1,1,174075.79256967886,0
489,450,Spain,Female,47,4,158059.53771696525,1,1,1,74780.08231209585,0
490,552,Germany,Female,38,8,145901.25925202493,3,1,0,180907.42536829886,1
491,585,France,Female,45,10,97530.05867208481,3,1,0,188767.1822048821,1
492,462,Spain,Male,79,2,88782.91193845314,3,1,0,137464.3285303621,1
493,589,France,Male,50,8,11312.297254721965,1,0,1,136240.5194526088,0
494,524,Spain,Male,52,10,54477.17706300337,4,1,1,96023.32416466062,1
495,549,Germany,Male,69,5,3794.2205717067245,2,1,1,168752.64266330443,1
496,713,Germany,Male,51,3,145354.27639550512,3,0,0,192706.4241023238,1
497,457,Spain,Female,58,6,26463.308969477213,1,1,0,157265.54206443267,1
498,741,Germany,Male,68,7,218254.848507429,1,1,1,128167.97941377475,1
499,704,Spain,Male,64,5,130785.7551742913,2,0,0,125290.650206054,1
500,579,Germany,Male,75,4,174922.47726467712,3,0,0,171399.28130089585,1
501,569,France,Male,74,5,102714.27296012412,1,0,1,112828.71549654669,0
502,725,Germany,Male,40,4,140144.95225026217,2,1,1,162733.37838727632,0
503,670,France,Male,65,7,235664.79424165763,4,0,0,106688.1984831067,1
504,453,Germany,Male,39,0,20683.50990591769,4,0,1,21864.412245045583,0
505,843,France,Female,34,10,63484.44298092404,4,0,0,82949.93169178949,1
506,500,Germany,Female,86,6,194997.08172763608,3,1,1,94443.78195758475,1
507,663,France,Male,28,9,24684.301720666463,2,0,1,36907.276547457266,0
508,452,Spain,Female,32,9,18915.27597602771,2,1,1,29474.302545950435,0
509,459,Spain,Female,52,10,90385.34968850964,1,1,0,111738.34043482128,0
510,507,France,Female,50,1,23041.989618108077,1,0,0,26177.290945655608,1
511,404,Germany,Female,33,8,146269.61055155078,1,1,1,67559.58189911596,0
512,502,France,Male,51,0,56568.812704149954,2,1,1,151473.42543298443,0
513,595,Germany,Female,83,10,223924.49079984307,1,0,1,193242.11411791635,0
514,661,Spain,Female,57,9,195875.02021131417,2,1,0,146395.4103048664,1
515,764,Germany,Female,45,5,174926.30152486905,2,0,1,198598.85420604533,0
516,771,Spain,Male,64,8,154236.00684612547,4,1,1,142684.2145430865,1
517,749,Germany,Male,56,0,215866.43258536584,1,1,1,65820.94942432223,0
518,446,Germany,Male,87,3,55765.51538568922,4,0,1,137689.98269601876,1
519,754,Germany,Male,90,3,218277.2106910569,3,0,0,143409.78538741174,1
520,710,France,Male,37,8,197373.07460601308,3,1,0,80628.12707712752,1
521,823,France,Male,18,10,187040.2065969214,3,1,1,13365.631615783914,0
522,707,Spain,Male,89,4,140313.919518731,2,0,0,143607.95910734253,1
523,543,Spain,Female,80,4,61561.04024265002,2,1,0,14123.018102352908,1
524,668,France,Female,84,5,105886.97899797409,2,1,0,129925.73483141352,1
525,769,Spain,Female,21,0,198392.6636347004,1,1,1,41087.13286108547,0
526,523,France,Male,75,0,7944.621089331111,4,1,0,117464.67027212823,1
527,505,Germany,Male,42,8,195512.69231593958,2,0,0,105743.474822314,1
528,557,Spain,Male,64,2,60017.68512189162,4,0,0,12567.59203817469,1
529,546,Spain,Male,55,3,36077.30018040076,4,0,1,78944.50522906966,1
530,544,France,Male,32,0,28925.32954507554,4,0,1,124207.32180529753,0
531,519,Spain,Female,80,8,6812.502987703778,1,0,0,171235.24486076814,1
532,718,Spain,Female,38,7,130896.62130536322,1,0,0,178842.00162893828,0
533,674,Germany,Male,74,1,54564.96817343237,3,1,1,101931.49430631242,1
534,491,Spain,Male,70,7,247357.9414449079,3,0,1,148400.27258689326,1
535,457,Germany,Male,63,6,143609.18896805146,4,1,0,70126.36954135695,1
536,838,France,Male,31,10,34471.317339002606,3,1,0,75015.41709414491,1
537,745,Spain,Female,34,5,172190.63520284134,4,1,1,46948.068644639614,0
538,628,Germany,Male,56,0,224435.89162743132,1,0,1,116770.14089871547,0
539,516,France,Male,26,6,186294.87384240358,1,1,0,69767.1886761994,0
540,717,Spain,Male,23,9,19109.965259861918,1,0,1,26030.47032331596,0
541,678,France,Male,40,6,223971.04529816489,2,1,0,140151.15646600397,0
542,526,Spain,Female,76,8,198482.3464649912,4,1,0,144473.10944502565,1
543,792,France,Male,63,0,39575.97502640359,1,0,0,78398.559568021,1
544,795,France,Male,55,1,12946.472183204216,4,1,1,24577.445896644334,1
545,528,Germany,Female,31,10,139327.64382857713,3,1,0,90996.56630665093,1
546,457,France,Female,89,8,39008.95283499423,3,1,0,94043.73702954093,1
547,521,Spain,Female,79,8,208647.73814881803,1,1,1,137047.46813059965,0
548,400,Spain,Male,52,5,89583.66416791844,4,0,1,69929.11433914986,1
549,638,Germany,Male,36,5,228223.11118414384,1,1,0,139693.86315844802,0
550,689,Spain,Female,47,3,141422.04303525144,3,1,0,175582.82293390378,1
551,495,Spain,Female,42,3,45668.096059917036,1,0,1,55122.34804881797,0
552,525,Spain,Female,57,4,34899.71683995002,4,1,1,195994.71566278095,1
553,517,France,Female,31,2,144118.10938943847,3,1,1,83409.94605599332,0
554,447,France,Female,43,0,190470.90296561096,2,1,0,60779.15017794173,0
555,488,Spain,Female,39,0,195376.41193554553,3,1,0,90087.1246769552,1
556,636,Germany,Male,65,6,68939.35111032032,2,0,0,27935.52042173324,1
557,772,France,Male,68,0,51061.68972804187,1,1,1,33884.12223730198,0
558,784,Germany,Male,20,0,4189.076123095603,1,0,0,88742.46892398297,1
559,671,Spain,Female,59,2,169799.78780029234,4,1,1,154864.45916842902,1
560,588,Spain,Female,36,9,19142.064608384746,2,1,0,181059.32551915327,0
561,591,France,Female,90,3,105190.30044148145,1,1,1,136315.41823609147,0
562,846,Spain,Female,45,3,150420.541004574,2,0,0,29991.715495252247,0
563,468,France,Female,62,1,234277.23622991925,1,1,0,137683.75481430168,0
564,677,Spain,Female,88,0,77950.53423894216,3,1,1,130731.30493356466,1
565,748,Spain,Male,80,2,62443.04061162995,1,0,1,163095.14447573293,0
566,646,France,Male,90,10,163540.0385715246,4,0,0,166797.24666391438,1
567,475,France,Female,36,3,154809.75801339542,3,0,1,174958.584398006,0
568,553,France,Male,64,2,83027.44582703114,4,0,1,88684.98777002869,1
569,543,Spain,Female,31,7,232025.45887744662,3,1,0,142594.23511690742,1
570,834,Spain,Male,55,9,211215.5818724082,2,1,1,60967.568195239044,0
571,485,Germany,Female,70,0,55995.63646627029,4,1,0,199873.8931968658,1
572,584,France,Female,78,1,59785.63635863079,1,1,0,43313.505861603386,1
573,684,Spain,Male,53,6,128075.08672177015,2,0,1,11921.742015558804,0
574,619,Spain,Male,57,3,193393.0254326801,1,1,1,38273.655758453446,0
575,468,France,Female,47,7,11010.094847116097,3,1,0,157415.73501338408,1
576,446,Germany,Female,26,10,173333.78843367667,3,1,0,94888.89853656018,1
577,493,France,Male,81,2,162058.97434552424,1,1,0,95025.04708398138,1
578,637,Germany,Male,50,5,57870.02397824706,1,0,0,191454.35472621702,1
579,845,Spain,Female,69,8,170338.2533103372,2,1,0,184730.6325253341,1
580,603,Germany,Male,31,0,235045.79781302065,1,1,0,69127.00018276175,0
581,799,Spain,Female,70,0,11696.46124294213,4,1,1,49721.04446836457,1
582,617,France,Female,76,7,79913.01382301563,4,0,1,171211.61988741055,1
583,831,France,Female,58,2,109544.17916658882,1,0,1,182143.62349842902,0
584,740,France,Female,85,4,224815.0897311724,4,1,0,112903.41533171252,1
585,438,Germany,Male,85,0,240565.36165228917,1,1,1,129590.5051122491,0
586,499,Spain,Male,25,4,111028.81162408307,2,1,0,58813.714091535745,0
587,688,France,Male,19,10,187507.1030355478,4,0,0,162152.51071591966,1
588,653,France,Male,58,5,132915.25594112073,4,1,1,130103.26140531439,1
589,621,Spain,Male,72,7,134445.73368534414,1,1,0,105667.56714661936,1
590,756,France,Male,33,2,69524.87876658911,4,1,0,21420.625654895208,0
591,422,Spain,Male,79,2,54239.06146596988,3,0,0,184027.64287711921,1
592,649,Spain,Female,65,10,72001.33648101028,2,1,0,126935.76987303715,1
593,409,Spain,Male,47,10,139082.00181426984,2,1,0,46611.30799166391,1
594,645,Spain,Male,29,9,7288.796505522249,4,0,0,125213.36222678002,1
595,724,Spain,Female,52,8,226812.23608910144,4,0,1,138718.03730559495,1
596,499,Germany,Male,28,3,39070.927387444055,3,1,0,109896.36396981284,1
597,689,France,Male,81,3,55022.16921784664,3,0,0,146439.33021164426,1
598,579,Germany,Female,67,6,129569.04411191159,4,1,0,120476.25010643862,1
599,622,France,Male,38,1,177528.69158431984,4,0,0,190076.22058610816,1
600,793,Germany,Male,86,7,23932.263686099326,3,0,1,20202.444933868297,1
601,649,Spain,Male,65,5,79423.67438679055,1,1,1,30186.684609216496,0
602,546,France,Female,37,2,242168.65139358927,3,1,0,42997.61102132457,1
603,841,France,Male,84,8,65585.74169523643,1,1,0,141132.5034148231,1
604,495,Germany,Male,61,4,78262.53626578672,2,0,0,132663.21582246365,1
605,656,Germany,Female,50,7,209124.62265450836,2,1,1,179491.18343984187,0
606,724,France,Male,90,6,12553.607922613814,3,1,1,149246.7160479407,1
607,403,Germany,Female,78,7,116153.29220224271,1,1,1,106587.54263727253,0
608,415,Germany,Female,26,6,94904.19111291756,3,1,1,198448.04056808975,1
609,679,Germany,Male,85,2,79146.6899771628,3,1,0,60560.51167216684,1
610,735,Spain,Female,52,1,71424.89851119113,1,0,1,168306.41535923624,0
611,646,Spain,Female,82,6,22843.5262151023,3,1,1,91090.17071684467,1
612,657,Germany,Male,25,2,78706.4573379122,2,1,0,133259.6763863895,0
613,783,Germany,Female,62,2,10763.100678917142,4,0,0,148181.00938596248,1
614,559,Spain,Female,64,1,195240.96591110883,4,1,1,130413.2765661639,1
615,739,Spain,Male,57,3,99556.94848950292,3,1,1,36696.38759063272,1
616,551,France,Male,71,7,110975.95807997789,1,1,1,94160.69204210723,0
617,795,France,Male,63,0,223398.6466125329,1,1,1,116673.29180729363,0
618,577,Spain,Female,64,0,164513.7459653052,2,1,0,171318.3142439334,0
619,562,Germany,Male,32,4,2014.7758355299472,1,0,0,94292.69227172874,0
620,779,Germany,Female,36,10,235793.70574032125,1,0,1,184561.9879128078,0
621,432,Germany,Female,43,4,59286.116494427806,2,0,1,93671.10237479003,0
622,816,Germany,Female,69,10,26903.546189964713,3,1,1,114268.17325997222,1
623,844,France,Female,39,0,192032.04459522056,4,0,1,161294.2797591322,1
624,578,Spain,Female,38,5,125119.32896667955,2,1,1,120782.86004020729,0
625,826,Germany,Female,68,0,108442.64150450438,3,1,0,192441.4337527367,1
626,500,France,Female,55,4,62375.769920685445,2,1,0,135463.80779768425,1
627,667,Germany,Male,37,8,136867.87246557965,3,0,0,109314.7962728442,1
628,722,Spain,Male,46,4,68596.15130064686,2,0,1,14482.473878351215,0
629,464,France,Female,68,5,225395.7513217669,3,0,1,88609.25054026267,1
630,816,Spain,Female,21,7,53801.1199332982,2,1,0,66857.19965943048,0
631,567,Spain,Male,72,10,221088.7876139384,3,0,0,152140.07689862297,1
632,729,France,Female,88,0,139851.35643183923,2,1,1,49572.7582791737,0
633,442,France,Male,45,1,207122.03347381024,4,0,0,48991.81658587365,1
634,443,France,Male,21,8,178211.49896523874,4,0,1,46008.61821510159,1
635,684,France,Male,39,2,174173.77785918713,1,1,1,33866.96649968483,0
636,796,France,Female,62,5,81086.45192376393,3,1,0,69091.3306974686,1
637,411,France,Female,84,4,58474.232868050865,2,0,0,178325.20174425075,1
638,494,France,Male,83,10,52721.556920197036,3,0,0,157236.40973813145,1
639,701,Germany,Male,51,1,214297.91426489718,4,0,1,149697.73109829077,1
640,785,Spain,Male,72,6,205106.70506475502,3,1,1,161493.99307349292,1
641,652,France,Male,18,3,110143.38200307683,2,1,0,61189.39897261862,0
642,641,Germany,Male,89,0,33101.15337411365,3,0,1,178613.9212429727,1
643,434,Germany,Female,55,3,95563.06299436459,2,0,1,36087.64127690483,0
644,614,Germany,Male,23,5,154835.86353422786,4,1,1,73905.68807596057,1
645,736,Spain,Female,42,6,113600.7886199882,4,0,0,121482.14260379516,1
646,489,France,Male,34,6,195047.31712074875,4,1,1,29551.96678498012,0
647,663,Germany,Female,78,6,249405.70556284636,1,1,0,148724.73567752074,1
648,492,Spain,Female,29,2,47783.02211222421,4,1,0,83576.74915866024,1
649,809,Spain,Female,23,5,114912.70491489311,3,1,1,159037.076465596,0
650,489,Spain,Female,44,7,107745.97548020551,1,1,0,103650.29426107452,0
651,817,Germany,Female,25,3,76123.1331872377,4,1,1,44366.15964081391,1
652,514,France,Female,82,7,49523.87918007239,3,0,0,149604.74415751544,1
653,504,Germany,Male,74,1,16423.029122414806,3,1,0,57907.35160939927,1
654,790,Germany,Female,57,9,221779.8293059246,3,1,1,103253.95724092814,1
655,595,France,Male,31,8,104962.1744215794,2,0,0,24351.321139812448,0
656,713,France,Female,52,8,124223.87962501223,1,1,0,127394.66433828697,0
657,513,France,Female,65,7,229235.51205022895,3,0,0,136512.97558109267,1
658,474,Spain,Male,73,9,194072.61937898694,2,1,1,81948.09989482888,0
659,812,France,Female,66,9,32625.316029296053,4,0,1,191340.32826100403,1
660,775,Germany,Male,30,0,141354.9919019356,3,0,0,176092.095081593,1
661,819,France,Male,78,1,110563.06912988977,2,1,0,144508.773990599,0
662,616,Germany,Male,66,5,199302.7681446907,3,1,0,145593.8941538111,1
663,676,Spain,Male,63,9,181058.13690298732,1,1,1,57956.325839008736,0
664,648,Germany,Female,79,4,172601.43047776798,1,1,1,134794.89390680532,0
665,563,Germany,Female,25,8,85136.20886997422,4,0,0,47659.19039474874,1
666,793,France,Male,60,4,201240.93259981362,3,0,1,37360.612544766205,1
667,756,France,Female,37,1,13097.823898715305,2,0,1,199898.89989849023,0
668,807,Germany,Female,56,9,39906.22535804181,4,1,1,128251.42697990309,1
669,591,France,Male,66,3,83905.81824447794,3,0,1,91887.6958048662,1
670,626,Spain,Female,81,8,19201.86026732032,4,1,0,64751.259347950756,1
671,576,Spain,Male,79,0,58748.5693836729,2,1,1,124744.88429582321,0
672,498,France,Male,71,10,207537.74574947954,4,0,1,19422.766561816363,1
673,435,Spain,Female,26,0,237062.88444751984,4,1,0,27989.388195911062,1
674,495,France,Female,54,6,76150.58894354763,4,0,0,16242.772570675304,1
675,551,Germany,Female,66,10,66128.95099720955,3,1,1,104842.26831990574,1
676,550,Germany,Male,58,2,69973.16306160673,2,0,1,124115.25954556468,0
677,589,Spain,Male,34,9,69429.77183771096,1,1,0,21871.154657985964,0
678,623,France,Female,38,1,8982.545546493247,3,0,0,147032.64882479416,1
679,436,France,Female,68,8,231729.08658277703,1,0,0,53775.06358776723,1
680,667,Spain,Female,76,2,53424.535392582104,1,1,1,140188.27621627453,0
681,768,Germany,Female,56,1,105001.01852035124,3,1,1,196560.45660669668,1
682,582,Spain,Male,72,7,2421.720685241935,3,0,0,141310.11531023172,1
683,412,Germany,Female,58,9,214488.7727287643,2,1,1,177806.6800554856,0
684,678,France,Male,56,5,182789.3361137293,2,1,0,190157.7162811828,1
685,616,Germany,Male,30,5,236689.0087934258,4,1,1,102482.69918693995,0
686,754,Spain,Female,81,9,195403.86979909978,1,0,0,143441.7460897443,1
687,760,France,Female,28,10,78426.6280130163,2,0,0,171874.15817560992,0
688,685,Spain,Female,36,6,61968.339682105914,4,1,1,77755.69344613336,1
689,672,Spain,Male,28,6,174429.07688832324,2,1,1,59665.49014647503,0
690,768,Germany,Female,63,10,91028.19375262487,3,0,1,189853.72882788436,1
691,461,Spain,Female,62,5,141553.75393815414,2,1,1,147997.66507007543,0
692,483,Germany,Male,18,3,1564.3677566175572,1,0,1,51739.605341407,0
693,767,France,Female,57,10,15471.425420118812,2,1,1,95325.84460846154,0
694,616,Germany,Male,36,8,133841.9852954128,1,1,0,161325.83621218379,0
695,741,France,Female,89,5,141517.91161204127,3,1,1,113941.968274504,1
696,796,Germany,Male,89,3,187863.23611483592,1,0,0,133490.89865151892,1
697,586,Spain,Female,78,2,32991.32990599044,2,0,0,153215.95838855996,1
698,418,Germany,Female,29,3,128295.7709391947,4,0,1,128181.74587370631,1
699,576,Germany,Male,78,2,48611.91110792215,3,0,0,112615.07116521719,1
700,499,France,Male,50,1,23299.02989067367,2,1,0,152426.71403367695,1
701,795,Spain,Female,62,4,102623.94851513865,3,1,1,148236.97673211814,1
702,844,Germany,Male,86,1,40834.16202226431,3,0,1,129675.756034804,1
703,632,Spain,Male,25,5,55445.49454807965,2,1,1,78359.98854256663,0
704,802,Germany,Male,42,2,79388.64496737544,2,1,0,87104.29751805161,1
705,475,Germany,Male,63,5,64847.10018579906,4,0,1,194383.3242879785,1
706,664,Spain,Female,47,10,21897.8243514866,3,1,1,31353.327135389907,1
707,683,Germany,Female,64,9,22479.061214925572,3,1,1,61015.93427803871,1
708,605,Spain,Male,66,8,48312.353808542044,2,0,1,103556.33424882378,0
709,622,Germany,Male,64,0,12639.796989884739,1,1,0,168978.6403673193,1
710,783,France,Male,35,5,156614.25491923178,2,1,1,41098.37610864829,0
711,451,Spain,Male,83,8,71831.67912722549,3,1,0,62621.377443675876,1
712,738,Germany,Female,85,10,69936.49194226775,2,0,1,22501.661381095408,0
713,766,Germany,Female,50,3,82999.5735594413,4,0,0,144137.2005496555,1
714,543,France,Male,53,10,165699.0685524304,1,1,0,55259.79274036706,1
715,772,Spain,Male,36,1,217658.47037087264,2,1,0,83848.20262748058,0
716,468,Germany,Male,45,3,189771.7331389096,4,1,1,94303.27493563689,1
717,498,France,Female,57,0,181882.30755627374,3,0,0,179349.64776522657,1
718,795,Germany,Male,32,2,121097.79640021232,2,0,1,88152.75516293499,0
719,424,Spain,Female,58,9,173451.38924185294,3,0,1,37592.75378389732,1
720,835,Germany,Male,56,8,138190.5920083958,4,1,1,109619.838284623,1
721,778,Germany,Female,19,9,54062.63204663223,3,1,1,192962.01898323963,1
722,452,Germany,Male,80,4,52147.09193526268,4,1,1,125460.27179965409,1
723,550,Germany,Female,46,10,74098.00171882086,4,1,0,196843.5718875088,1
724,543,France,Male,91,5,227700.6677424533,4,1,1,169810.38869838533,1
725,456,France,Male,83,2,136853.71009493148,2,0,0,16833.493680548432,1
726,438,Spain,Male,68,4,183476.34425046734,3,1,0,135095.92312163796,1
727,508,France,Female,27,10,86639.6899541369,3,1,0,64485.7067359979,1
728,580,France,Male,31,7,101928.9426663063,1,1,0,116327.20257249754,0
729,441,Spain,Female,68,5,31391.394659312842,1,0,0,63075.58627693305,0
730,585,France,Female,90,3,42823.73945541759,1,1,0,76285.37915500517,1
731,822,France,Male,56,1,206839.13870653638,1,0,0,185402.0552332941,1
732,797,Spain,Male,45,8,146209.6579222205,3,0,1,49262.20512942401,0
733,622,Spain,Male,20,0,84383.11647095473,4,0,0,176080.7324249078,1
734,521,Spain,Female,87,0,200712.8022488865,4,0,1,15786.983533394392,1
735,532,Germany,Male,44,3,61629.97640949574,2,0,0,27266.542290233192,0
736,562,Germany,Female,19,6,244008.17465005096,4,1,0,172388.25786301008,1
737,614,Spain,Female,55,0,86204.40193654245,3,1,0,129805.6458727471,1
738,620,Spain,Male,20,8,84327.7385378069,3,0,0,151974.86622751455,1
739,634,Spain,Male,33,3,77977.9763841763,3,0,1,49789.357456152306,1
740,730,Germany,Male,57,2,30527.878981071983,2,0,1,112045.85656211966,0
741,545,Germany,Male,19,0,27784.2868330031,1,1,1,150071.6524785479,0
742,638,France,Male,58,9,162026.25863353084,4,1,0,129189.68603194988,1
743,475,France,Male,29,3,218779.51113951174,3,0,0,99622.7657093298,1
744,408,Spain,Female,52,8,197630.12756791836,3,1,0,192358.91942316582,1
745,473,Germany,Female,82,9,35276.89850533777,1,1,1,138469.89335615461,0
746,841,Germany,Female,72,5,136395.53044801662,3,0,0,182472.6520458352,1
747,800,Germany,Male,62,5,26397.88649416,4,0,1,148656.39719899945,1
748,652,Spain,Female,79,0,11323.660903269361,2,1,1,149738.0704335598,0
749,629,France,Female,66,9,164096.4648461918,3,1,0,25203.471253959076,1
750,406,Spain,Female,42,1,133788.08342008758,4,1,0,78298.27815224927,1
751,573,France,Female,40,10,20505.921302867715,3,0,1,173090.18727673512,1
752,540,France,Female,41,5,8734.811601497111,1,0,1,54194.73380826363,0
753,567,Spain,Male,55,1,247439.10335233365,3,0,1,31946.114569728576,1
754,569,France,Male,45,2,7505.333037267969,3,1,0,71960.15076137075,1
755,792,France,Female,38,3,111132.06326253992,2,1,0,51883.198129596654,0
756,833,Germany,Female,71,10,126154.7561519239,1,0,0,185804.75701069948,1
757,682,France,Female,35,4,29320.036950111262,1,1,0,174913.66198040493,0
758,521,Spain,Male,53,8,42265.444609929065,2,0,0,104939.81375375179,1
759,593,Spain,Male,62,3,87951.25160258812,3,1,0,21655.336151934924,1
760,404,France,Female,90,10,190418.96905341564,4,0,1,145766.8457576997,1
761,428,Germany,Male,70,8,126770.60601506667,1,1,1,128448.22895389027,0
762,564,Germany,Male,47,10,159475.4686382404,1,1,1,194405.3874384142,0
763,821,France,Female,77,9,246293.6387726687,3,0,0,116201.11565137163,1
764,738,France,Male,49,2,192001.35882830241,3,0,1,73914.80744655279,1
765,535,Spain,Male,84,7,108590.37453530444,1,0,0,108614.1217799256,1
766,764,France,Female,84,0,111610.48044913719,3,0,0,196060.02536685808,1
767,720,Germany,Male,45,10,154693.01926025125,4,0,1,142308.8621812758,1
768,741,France,Male,61,8,166341.30210472608,1,1,0,137675.4662061397,1
769,544,Spain,Female,58,8,125177.73145916783,4,0,1,55729.50204791822,1
770,726,Spain,Male,80,9,161215.305703745,4,0,1,151284.47833651735,1
771,616,Spain,Male,40,1,5883.123603524693,3,0,0,152551.64759963664,1
772,700,Spain,Female,65,3,107405.71597421102,4,0,1,70284.906917422,1
773,531,Spain,Female,49,7,69734.51901836919,3,0,1,101905.62815423551,1
774,691,France,Female,74,6,32293.611310777596,2,1,1,65974.63325868665,0
775,469,France,Male,50,0,24886.628202193784,3,0,1,59153.96336161447,1
776,651,France,Female,41,4,150798.04140366687,4,0,0,14920.253347402178,0
777,814,France,Male,56,6,130900.13678815293,2,0,1,64190.231484133095,0
778,674,Spain,Female,51,3,63396.029249092295,3,1,1,115254.29047687222,1
779,844,Germany,Male,73,0,117737.51469312863,4,1,1,10304.225634315477,1
780,763,France,Female,45,8,123058.07879560206,1,0,0,63811.62592383681,0
781,581,Germany,Female,54,4,48752.24510965395,1,0,1,177467.9631414175,0
782,566,France,Female,24,10,163023.26547041265,3,1,0,122793.23117039856,1
783,490,France,Female,85,1,195229.8390965226,3,1,1,125493.9365753863,1
784,601,Germany,Male,54,7,197865.88522237976,1,1,1,86639.21795500712,0
785,745,Spain,Female,73,10,150617.45767586376,4,0,1,138529.7072635581,1
786,418,France,Female,82,1,127909.64562975352,4,0,0,46087.22558376824,1
787,438,France,Male,82,2,15251.785751348723,4,1,0,165561.89397299642,1
788,525,France,Female,64,9,71957.82471290146,3,0,0,32170.932787820962,1
789,572,Germany,Male,37,0,23317.861694542473,2,1,0,134640.25738409074,0
790,540,Spain,Female,36,10,240955.79021961841,2,1,0,74818.37190573977,0
791,641,Germany,Female,46,1,33770.03655644017,2,1,0,152027.4644106706,1
792,619,Germany,Female,91,6,37943.85246277551,2,0,1,114455.26474054379,0
793,525,Spain,Male,77,9,222394.15458262304,2,1,0,95947.07731095608,0
794,457,Germany,Female,35,1,235982.07086911445,3,1,1,42190.256397716934,0
795,547,Spain,Female,52,5,191457.25980872745,3,0,0,130996.07821402703,1
796,716,France,Female,60,2,1351.2309181674675,2,1,0,195206.2702498785,1
797,782,Spain,Male,28,3,336.56773914092497,3,0,0,166864.65073233284,1
798,760,France,Male,66,10,94525.1924468627,3,1,1,21401.556591912242,1
799,822,Germany,Female,55,7,35848.842502723135,2,0,0,81483.5818886263,1
800,400,Germany,Male,81,2,4596.535537899321,4,1,0,185860.77174615164,1
801,786,France,Female,86,9,116016.67235112617,3,1,1,105578.31203583407,1
802,747,Germany,Female,25,5,235765.4743517429,4,1,1,135801.24690355404,1
803,589,Spain,Female,51,0,80954.89372560785,3,1,1,183393.87566236418,1
804,590,France,Female,65,6,165285.16960717412,3,1,1,176020.99117977734,1
805,768,Germany,Female,73,7,163058.83828311018,2,0,0,105345.87135269708,1
806,808,France,Female,82,10,62770.02591629194,3,0,1,93152.79750494439,1
807,711,Spain,Female,48,7,162606.31220596607,1,1,0,74541.59751112154,1
808,816,Spain,Male,21,2,53083.493571722815,1,1,0,146613.6942009493,0
809,821,Germany,Male,67,9,30501.85339422226,2,1,1,64527.49189959322,0
810,516,Spain,Male,86,0,175345.82138992252,4,0,0,57478.645221871026,1
811,533,France,Male,47,8,28360.204275979184,4,0,1,77687.47997471821,1
812,457,Spain,Male,76,5,249227.30464733884,4,1,0,43670.860806970486,1
813,443,France,Male,84,10,45863.10028755733,1,0,1,142072.7650296958,0
814,572,France,Male,62,8,148535.46568911438,4,1,1,127085.72337281634,1
815,559,Spain,Female,21,6,102843.64285314735,4,1,1,101746.92148201028,0
816,572,Germany,Female,43,0,31596.605601416777,2,1,1,84161.89805969538,0
817,716,Spain,Female,44,0,6960.976894353349,4,0,1,182721.88315037897,0
818,702,France,Female,63,5,155683.07057320833,1,1,1,15533.519147930005,0
819,548,France,Male,81,4,201689.39094728153,1,1,0,156130.47126638683,1
820,479,Spain,Male,68,8,210503.915376686,1,1,0,181362.81863228887,1
821,773,Germany,Female,67,1,120678.36826923362,2,0,0,94807.37009168594,1
822,612,Germany,Female,23,7,194363.8667955964,2,0,1,114631.19337942288,0
823,602,France,Male,76,10,168211.78337213618,3,0,0,189448.10069758722,1
824,651,France,Female,32,4,181063.6318747833,4,1,1,50332.72790424774,0
825,628,Germany,Female,47,1,123149.75130545352,2,0,0,108825.62107909012,1
826,563,Spain,Female,59,9,158352.93506053177,1,1,0,100197.01415436045,1
827,626,France,Female,54,10,201381.47839401424,1,0,1,59094.603095370316,1
828,546,France,Male,59,10,99471.04388925576,2,1,0,165532.71377089052,1
829,419,Germany,Female,52,5,201494.72521689592,2,0,0,180924.1130050148,1
830,840,Spain,Female,23,9,148004.21069726572,2,1,0,158567.1901597597,0
831,801,Germany,Male,85,7,41475.25609269656,3,0,1,47118.202561235594,1
832,446,Spain,Male,35,3,6171.039306146154,1,0,0,26482.240745262498,0
833,632,Spain,Female,90,1,90688.400099788,3,0,1,125034.45220801505,1
834,704,Spain,Male,46,10,136674.08207408496,3,1,0,20848.004496877948,1
835,413,France,Female,76,4,209955.0880508721,4,0,0,137836.918826036,1
836,542,Germany,Female,64,1,31871.42003506155,1,0,0,110780.6018621761,1
837,814,Germany,Male,34,1,200051.58692089477,1,0,0,135929.2892212961,0
838,400,Spain,Female,39,5,215752.26151680673,2,0,1,122132.44699345136,0
839,772,France,Female,85,10,37671.87175020845,2,1,0,90313.48821016283,1
840,453,France,Female,86,9,212898.57982605475,4,0,1,48166.66422664337,1
841,773,Germany,Female,54,8,247863.391960698,3,1,1,68083.40580399282,1
842,658,France,Male,66,3,181709.70776205938,2,1,0,109655.10910160553,1
843,543,France,Male,30,5,196192.420456247,2,1,0,133854.93779304513,0
844,840,Spain,Female,51,6,248603.81688971835,1,1,1,158101.77320806042,0
845,411,France,Male,70,10,151370.31263148633,1,0,1,155762.43650532156,0
846,729,Spain,Female,68,5,76971.59550406235,2,1,0,194810.86121960622,1
847,623,Germany,Female,20,7,209382.70851901392,1,1,0,64309.87524604779,0
848,671,France,Female,59,3,153621.4443779078,4,1,0,23511.03456055299,1
849,757,Germany,Female,49,0,145298.85593023914,2,1,0,75674.81775295327,1
850,807,Germany,Female,68,6,63408.88887850957,1,0,0,151225.95029257456,1
851,555,France,Male,63,2,189083.56739572165,4,0,1,93241.21369632609,1
852,772,France,Female,38,5,20416.818965024064,1,1,0,165379.8018119897,0
853,407,Germany,Male,61,1,231071.7676986653,1,1,0,114372.00938534284,1
854,521,France,Male,28,8,81455.86519262119,1,1,1,186660.42729979558,0
855,747,Spain,Female,85,0,31943.66319749761,2,0,0,190094.05397982307,1
856,563,Spain,Female,18,5,110591.6332756047,3,0,0,23167.856143562254,1
857,489,France,Female,80,5,10617.47731413329,1,0,1,96718.55354536061,0
858,535,Germany,Female,41,4,171156.54856624157,4,0,0,125840.92163741792,1
859,585,France,Female,30,4,225676.37761133903,2,0,1,58615.782754320426,0
860,715,France,Male,28,0,209315.75178462718,2,1,0,87344.58808200624,0
861,577,Germany,Female,68,9,31842.368361970268,4,0,0,138759.49281236267,1
862,427,Germany,Female,34,4,31567.784276932965,1,0,0,53079.50311068867,0
863,619,Spain,Male,41,1,203358.62058106603,3,1,1,124376.45706514597,0
864,756,Germany,Male,36,6,231063.568650779,1,0,1,142515.08735121816,0
865,440,Spain,Female,54,2,115167.45745837229,4,0,1,27194.299108214684,1
866,627,Germany,Male,25,3,124742.77922844149,2,0,1,104530.57004521602,0
867,591,France,Female,45,2,79565.51034643147,3,1,0,59985.205685596244,1
868,810,Spain,Male,22,2,223566.2795641035,2,0,1,147633.40763962848,0
869,846,Spain,Male,34,3,161225.72632308898,4,1,1,46015.54662201869,0
870,544,Spain,Female,53,4,72062.89429184212,1,1,1,179525.2039522402,0
871,600,France,Male,36,0,74695.7177635629,3,0,0,91878.8539384821,1
872,816,France,Male,81,3,222800.0182659006,2,0,0,47620.57575843517,1
873,611,France,Male,28,10,3408.505976455367,2,0,1,93224.14130656257,0
874,619,France,Male,71,7,80681.6431816596,2,0,1,87661.31493362029,0
875,639,France,Male,62,9,138589.17030409226,1,1,0,91494.60230380496,1
876,812,Spain,Male,64,6,37054.365524831155,3,0,1,121256.6457645149,1
877,796,France,Female,29,8,23024.688549897448,1,1,1,109023.00773357213,0
878,445,Spain,Female,38,4,203819.08277264,1,1,1,38457.65501937151,0
879,434,France,Male,28,9,223601.0971621268,1,1,1,22460.023802860902,0
880,652,Germany,Female,22,3,205901.60519954737,4,1,0,148588.9352580427,1
881,789,Spain,Female,73,7,224696.97243433693,4,1,0,116346.31282637955,1
882,481,Germany,Female,37,8,138277.99276459287,4,0,0,78210.1459350601,1
883,770,Spain,Male,58,6,203064.53024758547,3,1,1,163587.98627463402,1
884,655,Germany,Female,63,6,96010.6595977751,1,1,1,83731.11010958183,0
885,596,France,Male,29,4,166566.96536975962,1,0,0,161233.36702411543,0
886,702,France,Female,87,3,247208.88284729113,4,0,0,68093.6642273512,1
887,808,France,Male,34,9,56431.93095978186,1,1,0,23840.606533587954,0
888,849,Spain,Male,36,0,97474.93657277015,1,1,1,187201.54182198652,0
889,409,Germany,Female,43,9,120011.84432752141,2,0,0,84964.7145634609,0
890,711,France,Female,65,9,34503.87175501293,1,1,1,160611.5888413818,0
891,685,Germany,Male,69,6,20259.652616264197,2,0,1,63037.38531223785,0
892,641,Germany,Female,87,0,207430.7165804061,1,0,0,132809.37130349464,1
893,650,France,Female,72,0,244198.59320689653,3,1,0,175929.06591896838,1
894,764,France,Female,50,4,101181.26595741467,4,0,1,17912.36424459626,1
895,404,Germany,Male,79,8,21912.459048663317,2,1,0,167820.79529035697,1
896,518,France,Male,40,5,16452.94017264412,4,1,0,118553.27094466644,1
897,688,France,Female,32,2,222829.55159007467,2,1,1,125419.63324262816,0
898,773,France,Female,44,2,115953.56243191999,2,0,1,109400.0201531367,0
899,464,Spain,Female,81,6,80006.82914059798,2,1,1,176150.26962389206,0
900,545,Germany,Male,68,5,119115.31780984988,3,0,1,18252.337874771118,1
901,623,Germany,Male,70,8,79576.02367308683,1,1,1,59595.39439181114,1
902,638,Spain,Female,68,5,122258.943826905,2,1,0,176394.8823832395,1
903,576,Germany,Female,64,4,214889.0992294842,3,0,1,152945.68348107164,1
904,666,France,Female,21,9,148075.3427655239,2,1,1,13352.58043393511,0
905,740,Germany,Female,24,6,173663.44320254383,1,1,1,108231.19380984464,0
906,681,France,Female,52,0,91167.66905858414,2,0,0,110618.80933540822,0
907,462,Spain,Female,65,6,184626.46962762967,3,0,1,86167.60567430298,1
908,616,France,Male,90,2,166654.27121984307,1,0,1,66504.73309177803,0
909,741,Germany,Female,89,8,29890.49943801411,3,1,1,139527.721578345,1
910,714,Germany,Male,62,5,143160.71327889615,1,0,0,49480.18829390322,1
911,682,Germany,Female,89,8,64185.874077439505,1,0,1,161800.22679362414,0
912,576,Spain,Female,36,4,201023.9174083982,4,1,1,162577.06054581964,0
913,816,Spain,Male,80,6,106484.42711673486,4,0,1,88899.6731388359,1
914,497,Germany,Male,55,3,248671.0412991218,4,1,0,63874.12207283305,1
915,504,France,Male,84,6,23125.109484740948,1,1,0,63936.85450223551,1
916,498,Spain,Male,76,0,195086.96568503964,2,0,0,101635.35155927992,0
917,784,Germany,Female,86,6,168425.4333855391,3,1,0,146720.05270237816,1
918,804,Germany,Male,30,7,191874.70764767638,3,0,1,78185.05128883317,1
919,710,Spain,Female,64,4,76882.44887261408,3,0,1,125908.2356369728,1
920,405,Spain,Male,78,1,123013.62234560015,4,0,0,82672.04751069292,1
921,596,Spain,Female,48,4,199127.1299309271,1,0,0,67859.40593876282,1
922,750,France,Female,39,5,58135.33290521375,4,1,1,14723.30802400089,1
923,532,France,Female,60,1,56508.29919716302,2,1,1,10743.680089724221,0
924,757,Germany,Female,84,5,137762.7383237331,1,0,0,53169.45878808085,1
925,658,Spain,Female,71,5,130890.89488246394,3,0,0,87217.19449218914,1
926,836,France,Female,27,0,70565.61760323322,4,1,0,171739.62179879146,1
927,422,Spain,Male,59,0,74518.91263120569,4,0,0,161712.00615678082,1
928,452,Germany,Female,81,10,69461.29080164137,2,1,1,60761.39989171808,0
929,564,France,Male,38,9,192878.01549962192,2,0,0,56462.68416701687,0
930,601,France,Male,83,2,162975.21639061515,4,1,0,53191.193503305214,1
931,482,France,Female,58,9,208104.29585256317,2,1,1,74455.09470048474,0
932,544,Germany,Male,41,9,243868.25707850547,3,1,1,104657.75671672022,1
933,484,Spain,Female,52,2,118541.07406799661,2,0,1,93346.87668599933,0
934,477,France,Male,73,3,16673.47035136221,2,0,1,51471.90776848381,0
935,765,Germany,Female,47,1,12023.077603008858,4,0,1,34785.767889287425,1
936,400,Spain,Male,74,8,73916.25981790478,4,0,0,12389.784372377122,1
937,450,Germany,Female,64,9,233136.14733811273,1,0,0,39253.01534663573,1
938,572,Spain,Female,52,10,130803.26374271873,1,1,0,144017.71033688248,1
939,604,Germany,Female,36,6,67946.62902003228,4,1,1,56291.328175660754,1
940,659,Spain,Female,25,6,99791.69862775489,2,1,0,99034.34392308687,0
941,845,France,Male,43,5,149648.7768511677,2,1,1,122347.21829541649,0
942,848,Spain,Female,88,2,163237.41453446055,1,1,0,178499.77153800536,0
943,768,Germany,Male,47,5,38479.877445726255,1,1,0,178882.4686947497,1
944,687,Germany,Male,24,7,244257.919136294,1,1,1,151689.4093994582,0
945,433,Spain,Male,84,7,136193.0567456972,3,0,1,16679.82848921527,1
946,747,France,Female,82,10,33922.079448069824,3,1,0,119263.37962622882,1
947,494,France,Male,53,8,223408.81333653344,1,0,0,159450.85945798623,1
948,471,Spain,Male,42,0,18659.6077698572,2,1,0,13284.72850503901,0
949,438,Spain,Male,54,0,226933.85829437818,1,1,0,114440.07659474987,1
950,553,Germany,Female,18,2,249141.4140722456,3,0,0,172975.18769934558,1
951,649,France,Female,32,2,175107.94978912597,2,1,1,100079.39441003071,0
952,561,Spain,Male,54,9,192611.80526849744,3,0,1,10780.178550515206,1
953,837,France,Female,30,7,84325.7091168716,2,1,1,12092.538083765417,0
954,517,Spain,Female,25,9,235394.21318348343,3,0,1,89160.84710861261,1
955,658,Spain,Male,22,0,132428.49152709192,2,1,0,39451.64680918337,0
956,778,France,Male,77,1,183097.1116493887,2,0,0,136245.62484771933,0
957,705,Spain,Female,90,1,231026.9289778199,2,0,1,144671.86033216925,0
958,667,Spain,Male,18,2,243794.99399387708,2,1,0,43797.16113751943,0
959,848,Germany,Female,53,5,208301.08914916858,4,1,1,178821.32481965213,1
960,453,Spain,Female,52,0,75754.3767455075,3,0,0,93962.49054599591,1
961,635,Spain,Female,83,1,241636.8791380206,3,1,0,37140.72244246551,1
962,788,Spain,Female,80,0,157029.88281089294,4,0,0,155207.80363318513,1
963,621,Germany,Female,40,4,232660.61908798997,2,1,1,160095.15500318684,0
964,650,France,Female,26,6,169026.25645358796,2,0,1,131466.13980643693,0
965,712,Germany,Male,51,7,76809.74046193012,3,1,1,172158.4551084851,1
966,800,Germany,Male,63,9,92506.13103570399,4,0,1,150100.86468582755,1
967,511,France,Female,21,0,137617.94427573512,2,1,0,177619.0900731282,0
968,654,Germany,Female,47,6,197503.7103899705,2,0,0,92438.7292122411,1
969,702,France,Female,89,4,79495.63783508373,2,0,0,152043.45433889408,1
970,806,Germany,Male,20,9,144932.791533548,1,1,0,199952.79705151843,0
971,606,France,Female,31,0,86406.24839410039,4,1,1,147736.92752872765,1
972,628,Spain,Male,77,2,203942.3511587768,2,0,0,31694.91824505511,0
973,740,Germany,Female,62,6,116682.0234419876,1,0,0,108480.55726154476,1
974,797,Germany,Female,51,9,19180.70671322131,4,0,0,121596.0803361753,1
975,465,Germany,Male,62,0,41513.1303703841,2,0,1,43100.02826356429,1
976,474,Germany,Male,78,6,15276.166904908072,3,1,1,192949.41049382713,1
977,834,Spain,Female,33,4,124825.73650358131,1,0,1,43360.1577505771,0
978,502,Germany,Female,83,0,26584.32433705679,1,0,0,43736.00474551233,1
979,821,Spain,Female,57,0,28534.992327408025,2,0,1,183881.75621516543,0
980,591,Spain,Male,34,0,235262.06500959425,2,1,0,98389.0322931175,0
981,651,Spain,Male,51,10,218163.76804401385,1,0,0,22005.773062158078,1
982,625,Spain,Male,33,8,113021.6492028415,3,1,0,123655.62498832043,1
983,693,France,Male,77,10,246451.33021255143,3,1,1,124347.0062402791,1
984,705,France,Male,83,2,46.63204266577847,4,1,1,22255.144150446744,1
985,497,Germany,Male,83,4,153494.86406834846,2,1,0,194779.27417039577,1
986,737,France,Female,30,10,154107.0443429675,3,1,0,113365.69340596936,1
987,685,France,Female,73,9,114360.76396747206,4,1,1,116361.1872141552,1
988,734,Germany,Male,48,8,99236.99323357322,3,1,1,108821.92875545495,1
989,746,Germany,Female,51,5,113845.7838701519,2,0,1,126039.0381324778,0
990,834,Germany,Female,56,8,103740.10901992011,4,0,0,60216.95302701344,1
991,846,France,Male,84,7,182623.11937057486,4,1,0,64575.85611521975,1
992,707,France,Female,25,7,33838.85874332101,4,0,0,107154.42706126522,1
993,648,Germany,Male,72,0,49409.805147782536,3,0,1,163270.31240508013,1
994,565,Spain,Male,44,8,45129.5570981059,2,1,1,19474.26953389398,0
995,734,Germany,Female,70,5,65617.64628031613,4,0,1,124646.80032184673,1
996,429,Spain,Male,56,8,131314.60469539583,1,1,0,163287.84707619966,1
997,646,Spain,Male,82,2,27802.186834554683,2,0,0,39814.28168707316,0
998,505,Germany,Male,34,2,217042.32383162604,1,1,1,12854.282976307597,0
999,450,Germany,Male,47,5,74340.38282711808,1,1,0,69415.52607687702,1
1000,480,Germany,Male,70,8,40634.49686717696,4,0,1,121747.30427862365,1
